{
  "range_key(1750,1967)": {
    "0": 0.0,
    "1": 1.02888,
    "2": 2.5722,
    "3": 4.11552,
    "4": 5.65884,
    "5": 7.20216,
    "6": 8.74548,
    "7": 10.2888,
    "8": 11.8321,
    "9": 12.861
  },
  "range_key(1968,yyyy)": {
    "0": 0.0,
    "1": 1.54332,
    "2": 4.11552,
    "3": 6.68772,
    "4": 9.25992,
    "5": 11.8321,
    "6": 14.4043,
    "7": 16.9765,
    "8": 19.5487,
    "9": 22.1209
  }
}
